field_key,stem_degree,stem_discriminant,closure_degree,closure_discriminant,ramification_support,galois_group,manifolds
x^2 - x + 1,2,-3,2,-3,3,C2,"o10_150683,o10_150684,o10_150685,o10_150686,o10_150687,o10_150688,o10_150689,o10_150690,o10_150691,o10_150692,o10_150693,o10_150694,o10_150695,o10_150696,o10_150697,o10_150698,o10_150699,o10_150700,o10_150701,o10_150702,o10_150703,o10_150704,o10_150705,o10_150706,o10_150707,o10_150708,o10_150709,o10_150710,o10_150711,o10_150712,o10_150713,o10_150714,o10_150715,o10_150716,o10_150717,o10_150718,o10_150719,o10_150720,o10_150721,o10_150722,o10_150723,o10_150724,o10_150725,o10_150726,o10_150727,o10_150728,o10_150729"
x^2 - x + 2,2,-7,2,-7,7,C2,"o9_39892,o9_39893,o9_39894,o9_39895,o9_39896,o9_39897,o9_39898,o9_39899,o9_39900,o9_39901,o9_39902,o9_39903,o9_39904,o9_39905,o9_39906"
x^3 + 2*x - 1,3,-59,6,-205379,59,S3,o10_140068
x^3 + x - 1,3,-31,6,-29791,31,S3,"o10_148974,o10_148975,o10_148976,o10_148977,o10_148978,o10_148979,o10_148980,o10_148981,o10_148982"
x^3 - x^2 + 1,3,-23,6,-12167,23,S3,"o10_148246,o10_148247,o10_148248,o10_148249,o10_148250,o10_148251,o10_148252,o10_148253,o10_148254,o10_148255,o10_148256,o10_148257,o10_148258"
x^3 - x^2 + 3*x - 2,3,-107,6,-1225043,107,S3,o10_048604
x^3 - x^2 + x + 1,3,-44,6,-21296,"2,11",S3,"o10_149272,o10_149273,o10_149274,o10_149275,o10_149276,o10_149277,o10_149278,o10_149279,o10_149280,o10_149281,o10_149282,o10_149283,o10_149284,o10_149285,o10_149286,o10_149287"
x^4 + x^2 - x + 1,4,257,24,83022819845310162051379891201,257,S4,"o10_148902,o10_148903,o10_148904,o10_148905,o10_148906,o10_148907,o10_148908,o10_148909,o10_148910,o10_148911,o10_148912,o10_148913,o10_148914,o10_148915,o10_148916,o10_148917,o10_148918,o10_148919,o10_148920,o10_148921,o10_148922,o10_148923,o10_148924"
x^4 - 2*x^3 + x^2 - x - 1,4,-751,24,32186906916727206510367651443384001,751,S4,"o10_116813,o10_116814"
x^4 - x - 1,4,-283,24,263898685087308495981516810961,283,S4,"o10_150522,o10_150523,o10_150524"
x^4 - x^3 + 2*x^2 - x + 2,4,697,24,13145991198511359348572918477156641,"17,41",S4,"o10_139420,o10_139421,o10_139422,o10_139423,o10_139424,o10_139425,o10_139426,o10_139427,o10_139428,o10_139429"
x^4 - x^3 + x^2 - x - 1,4,-563,24,1014146598191772065370414777301681,563,S4,"o10_144484,o10_144485,o10_144486,o10_144487,o10_144488,o10_144489"
x^5 - 2*x^4 + 2*x^3 - x^2 + 1,5,2209,10,-229345007,47,D5,"o10_147526,o10_147527,o10_147528,o10_147529"
x^4 - x^3 + 4*x^2 - 3*x + 2,4,1929,24,2654524461487826141968591253880308630241,"3,643",S4,"o10_059430,o10_059431"
x^4 - x^3 - 2*x + 1,4,-643,24,4994956093880272959686195182306801,643,S4,o9_28719
x^2 + 1,2,-4,2,-4,2,C2,"o10_144118,o10_144119,o10_144120"
x^4 - x^3 + x - 2,4,-1399,24,56209869097525683150716798908449343201,1399,S4,o10_074632
x^3 - x - 2,3,-104,6,-1124864,"2,13",S3,"o10_082435,o10_082436,o10_082437,o10_082438,o10_082439"
x^4 - x^3 + x^2 + x - 1,4,-331,24,1729561165382261200512043881361,331,S4,"o10_135910,o10_135911,o10_135912,o10_135913,o10_135914,o10_135915"
x^3 - 2*x - 2,3,-76,6,-109744,"2,19",S3,"o10_100588,o10_100589,o10_100590,o10_100591,o10_100592,o10_100593,o10_100594,o10_100595,o10_100596,o10_100597,o10_100598,o10_100599"
x^4 - 2*x^3 + x^2 - 2*x + 1,4,-448,8,9834496,"2,7",D4,o10_112585
x^4 - 2*x^3 - x + 4,4,3173,24,1041455853343675520577614499765795625075921,"19,167",S4,"o10_117184,o10_117185,o10_117186,o10_117187,o10_117188,o10_117189,o10_117190,o10_117191,o10_117192,o10_117193,o10_117194,o10_117195"
x^4 - x^3 - 2*x^2 + x + 3,4,2296,24,21461625126536429893571389890525518626816,"2,7,41",S4,"o10_123618,o10_123619,o10_123620,o10_123621,o10_123622,o10_123623,o10_123624,o10_123625,o10_123626,o10_123627,o10_123628,o10_123629,o10_123630"
x^4 - 4*x^2 - 2*x + 2,4,-1968,24,3218853535701037756763987326795776,"2,3,41",S4,"o10_134558,o10_134559,o10_134560,o10_134561,o10_134562,o10_134563,o10_134564,o10_134565,o10_134566,o10_134567,o10_134568,o10_134569,o10_134570,o10_134571,o10_134572,o10_134573,o10_134574"
x^3 - x^2 + x - 2,3,-83,6,-571787,83,S3,"o10_135399,o10_135400,o10_135401,o10_135402,o10_135403,o10_135404,o10_135405,o10_135406,o10_135407,o10_135408,o10_135409,o10_135410,o10_135411,o10_135412,o10_135413,o10_135414,o10_135415,o10_135416,o10_135417,o10_135418,o10_135419,o10_135420,o10_135421,o10_135422,o10_135423,o10_135424,o10_135425"
x^3 - x^2 - 2,3,-116,6,-1560896,"2,29",S3,"o10_138382,o10_138383,o10_138384,o10_138385,o10_138386,o10_138387,o10_138388,o10_138389,o10_138390,o10_138391,o10_138392,o10_138393,o10_138394,o10_138395,o10_138396,o10_138397,o10_138398,o10_138399,o10_138400,o10_138401,o10_138402,o10_138403,o10_138404,o10_138405,o10_138406,o10_138407,o10_138408,o10_138409,o10_138410,o10_138411,o10_138412,o10_138413,o10_138414,o10_138415,o10_138416,o10_138417,o10_138418,o10_138419,o10_138420,o10_138421,o10_138422,o10_138423,o10_138424,o10_138425,o10_138426,o10_138427,o10_138428,o10_138429,o10_138430,o10_138431,o10_138432,o10_138433,o10_138434,o10_138435,o10_138436,o10_138437,o10_138438,o10_138439,o10_138440,o10_138441,o10_138442,o10_138443,o10_138444,o10_138445,o10_138446,o10_138447,o10_138448,o10_138449,o10_138450,o10_138451,o10_138452,o10_138453,o10_138454,o10_138455,o10_138456,o10_138457,o10_138458,o10_138459,o10_138460,o10_138461,o10_138462,o10_138463,o10_138464,o10_138465,o10_138466,o10_138467,o10_138468,o10_138469,o10_138470,o10_138471,o10_138472,o10_138473,o10_138474,o10_138475,o10_138476,o10_138477,o10_138478,o10_138479"
x^4 - x^3 - 3*x^2 + 2,4,-1588,24,257161515866449205231132693132430278656,"2,397",S4,"o10_143053,o10_143054,o10_143055,o10_143056,o10_143057,o10_143058,o10_143059,o10_143060,o10_143061,o10_143062,o10_143063,o10_143064,o10_143065,o10_143066,o10_143067,o10_143068,o10_143069,o10_143070,o10_143071"
x^4 - x^3 - x^2 + x + 1,4,117,8,2313441,"3,13",D4,"o10_145819,o10_145820,o10_145821,o10_145822"
x^4 - x^2 - 3*x - 2,4,-2151,24,18459922270959723690417004862006961,"3,239",S4,"o10_148498,o10_148499,o10_148500,o10_148501,o10_148502,o10_148503,o10_148504,o10_148505,o10_148506,o10_148507,o10_148508,o10_148509,o10_148510,o10_148511,o10_148512,o10_148513,o10_148514"
x^4 - x^3 + 2*x^2 - 2*x + 2,4,788,24,223910595285760904094334231576576,"2,197",S4,"o10_149016,o10_149017,o10_149018,o10_149019,o10_149020,o10_149021,o10_149022,o10_149023,o10_149024,o10_149025,o10_149026,o10_149027,o10_149028,o10_149029,o10_149030,o10_149031,o10_149032,o10_149033,o10_149034,o10_149035,o10_149036,o10_149037,o10_149038,o10_149039,o10_149040,o10_149041,o10_149042,o10_149043,o10_149044,o10_149045,o10_149046,o10_149047,o10_149048,o10_149049,o10_149050,o10_149051,o10_149052"
x^4 - 2*x - 1,4,-688,24,10726581714654823247937273856,"2,43",S4,"o10_150196,o10_150197,o10_150198,o10_150199,o10_150200,o10_150201,o10_150202,o10_150203,o10_150204,o10_150205,o10_150206,o10_150207,o10_150208,o10_150209,o10_150210,o10_150211,o10_150212,o10_150213,o10_150214,o10_150215,o10_150216,o10_150217,o10_150218,o10_150219,o10_150220"
x^6 - x^5 - 2*x^4 + 6*x^3 - 4*x^2 - 4*x + 8,6,795664,24,253733758439206322825509870696923136,"2,223",S4,"o10_150416,o10_150417"
x^4 - x^3 + 3*x - 1,4,-1732,24,728743429632896170491158053881093554176,"2,433",S4,"s698,s699"
x^6 - x^5 + x^4 - 2*x^3 + 4*x^2 - 3*x + 1,6,-9747,18,-43564677551979246963,"3,19",C3 x S3,s730
x^4 - x^3 - 2*x^2 + 3,4,333,8,151807041,"3,37",D4,o10_142102
x^4 - x^3 - 2*x^2 - x + 1,4,-1156,8,21381376,"2,17",D4,o10_017485
x^4 - x^3 - 2*x^2 + 3*x + 2,4,-2319,24,24188502580767300754158401010319111050561,"3,773",S4,o10_123190
x^6 - x^5 - x^4 + 2*x^3 - x + 1,6,-10571,48,6110898859196907267260970592116787248405968100272988112169761,"11,31",C2 x S4,v2272
x^4 - x^2 + 1,4,144,4,144,"2,3",C2 x C2,"o10_132111,o10_132112,o10_132113,o10_132114,o10_132115,o10_132116,o10_132117,o10_132118,o10_132119,o10_132120,o10_132121,o10_132122,o10_132123,o10_132124,o10_132125"
x^4 - 2*x^3 - x^2 + 2*x - 2,4,-3312,8,5802782976,"2,3,23",D4,t04743
x^4 - 2*x^3 - x^2 + 2*x + 2,4,656,8,723394816,"2,41",D4,"o10_149337,o10_149338,o10_149339,o10_149340,o10_149341,o10_149342,o10_149343,o10_149344,o10_149345,o10_149346,o10_149347,o10_149348,o10_149349,o10_149350,o10_149351,o10_149352,o10_149353,o10_149354,o10_149355,o10_149356,o10_149357,o10_149358,o10_149359,o10_149360,o10_149361,o10_149362,o10_149363,o10_149364,o10_149365,o10_149366,o10_149367,o10_149368"
x^6 - 2*x^5 - 3*x^3 - 2*x + 1,6,330245,48,410842216912914924636723570953057023880437752236521078491270542144775390625,"5,257",C2 x S4,o10_024067
x^4 + 4*x^2 - x + 2,4,2917,24,379522169067582504938019887545699724798161,2917,S4,"o9_23048,o9_23049,o9_23050,o9_23051,o9_23052,o9_23053"
x^4 + 5*x^2 - 3,4,-4107,8,151807041,"3,37",D4,v1143
x^4 - x^3 - x^2 + 2,4,892,24,253733758439206322825509870696923136,"2,223",S4,o10_056504
x^4 + 2*x^2 - 2*x + 1,4,592,24,1767097723513784533711323136,"2,37",S4,"o10_140097,o10_140098,o10_140099,o10_140100,o10_140101,o10_140102,o10_140103,o10_140104,o10_140105,o10_140106,o10_140107"
x^4 - x^3 + 2*x^2 + x - 1,4,-1192,24,8228393735077298049613795752134311936,"2,149",S4,"v2530,v2531,v2532,v2533,v2534"
x^4 - 3*x^2 - 2*x + 1,4,-1328,24,1793316748073189235032143691776,"2,83",S4,v2631
x^4 - x^2 - 2*x + 1,4,-848,24,33759054842422944355374937931776,"2,53",S4,"v2640,v2641,v2642,v2643,v2644"
x^2 + 2,2,-8,2,-8,2,C2,"v2787,v2788,v2789"
x^4 + 2*x^2 - x - 1,4,-1371,24,44101103594669753888258117027428901841,"3,457",S4,t06816
x^4 - 2*x^3 + 2,4,320,8,2560000,"2,5",D4,"o10_150494,o10_150495,o10_150496,o10_150497,o10_150498,o10_150499,o10_150500,o10_150501,o10_150502,o10_150503,o10_150504,o10_150505"
x^4 - x^2 - 3*x - 1,4,-1255,24,15265980728651712890511566894775390625,"5,251",S4,v3053
x^6 - 4*x^4 + 4*x^2 + 1,6,-222784,12,172771465793536,"2,59",D6,o9_17193
x^6 - x^5 + 3*x^4 - x^3 + 3*x^2 - x + 1,6,-29095,48,281950333280439075931286825690906130709115911739167287855207920074462890625,"5,11,23",C2 x S4,v3076
x^4 - x^3 - 2*x + 4,4,2312,8,342102016,"2,17",D4,"o10_148363,o10_148364,o10_148365"
x^4 + x^2 - 2*x + 1,4,272,8,21381376,"2,17",D4,o10_145603
x^6 - x^4 - 2*x^3 - x^2 + 1,6,87616,24,1767097723513784533711323136,"2,37",S4,o9_34281
x^4 - x^3 - x^2 + x + 2,4,1556,24,786819557779509263054203519232966656,"2,389",S4,v3425
x^6 - x^5 + 2*x^4 + 2*x^2 - x + 1,6,-27848,48,14948856302846240526393215399024092258533558373822120515711533056,"2,59",C2 x S4,o10_137989
x^6 - 2*x^5 - 2*x^4 + 4*x^3 - 2*x^2 - 2*x + 1,6,-1290496,48,21334376398479474155217059457596887616217224636465413465076767974769033216,"2,71",C2 x S4,"t09443,t09444"
x^4 - x^3 + x + 1,4,392,8,9834496,"2,7",D4,o10_148493
x^3 - x^2 - 2*x - 2,3,-152,6,-3511808,"2,19",S3,o10_057067
x^6 - x^5 + 2*x^4 + x^3 + 2*x^2 + 3*x + 1,6,-109744,24,6824090029123911125096267776,"2,19",S4,v3536
x^4 - x^3 + x^2 - 6*x - 4,4,-2375,8,2036265625,"5,19",D4,"o9_25463,o9_25464"
x^6 - 2*x^5 - 2*x^4 + 6*x^3 - 2*x^2 - 4*x + 5,6,-179776,12,90785223184384,"2,53",D6,t10803
x^4 + x^2 - x + 2,4,1825,24,3494575202406350511401519775390625,"5,73",S4,"o10_149432,o10_149433,o10_149434,o10_149435,o10_149436,o10_149437,o10_149438,o10_149439"
x^4 - x^3 + 3*x - 2,4,-1823,24,1347224660546903559004075090801595003521,1823,S4,t05719
x^4 - x^3 + x + 2,4,2673,24,3090632943982185675900458330163201,"3,11",S4,t06956
x^4 - x + 1,4,229,24,20798201815902925734870098641,229,S4,"o10_145584,o10_145585,o10_145586,o10_145587,o10_145588,o10_145589,o10_145590,o10_145591"
x^4 - 3*x^2 + 4,4,784,4,784,"2,7",C2 x C2,"o10_140217,o10_140218,o10_140219,o10_140220,o10_140221,o10_140222,o10_140223,o10_140224,o10_140225,o10_140226,o10_140227,o10_140228,o10_140229,o10_140230,o10_140231,o10_140232,o10_140233,o10_140234,o10_140235,o10_140236,o10_140237,o10_140238,o10_140239,o10_140240,o10_140241,o10_140242,o10_140243,o10_140244"
x^6 + x^4 + 2*x^2 + 1,6,-33856,12,606355001344,"2,23",D6,"t08606,t08607"
x^4 + 2*x^2 - 3*x + 2,4,3221,24,1247063872385372731496678575404593456513041,3221,S4,"t09001,t09002"
x^8 - 3*x^6 + 6*x^4 - 7*x^2 + 4,8,124367104,48,48643684860550366945956333333752727298588688415243167148734220906671736040965799936,"2,17,41",C2 x S4,o9_21999
x^4 - x^3 - 2*x^2 + 3*x + 1,4,-2068,24,6117956899106998325102405080259416293376,"2,11,47",S4,o9_23819
x^6 - 2*x^5 + 2*x^4 - 2*x^3 + 4*x^2 - 4*x + 2,6,-30976,12,116101021696,"2,11",D6,o10_056781
x^4 - 2*x^3 + 3*x^2 - 1,4,-976,24,182405472588468433947695572320256,"2,61",S4,o10_058843
x^4 - x^3 + 2*x + 1,4,189,8,1750329,"3,7",D4,o10_061060
x^4 - x^3 + 2*x - 1,4,-275,8,9150625,"5,11",D4,"o10_147648,o10_147649,o10_147650,o10_147651,o10_147652,o10_147653,o10_147654,o10_147655"
x^4 - x^3 + 3*x^2 - 3*x + 2,4,1076,24,9408216238040099439670008097079296,"2,269",S4,"o10_149940,o10_149941,o10_149942,o10_149943,o10_149944,o10_149945,o10_149946,o10_149947,o10_149948,o10_149949"
x^6 - x^5 + 2*x^4 - 2*x^3 + 2*x^2 - 2*x + 1,6,-10051,48,2352634640231689951863242876669644980867984267519669888461897761,"19,23",C2 x S4,t11497
x^4 - x^3 + x^2 - 2,4,-2116,24,102888129587729901429326872576,"2,23",S4,"o9_28731,o9_28732,o9_28733,o9_28734,o9_28735,o9_28736"
x^5 - x^4 + 3*x^2 - x + 2,5,32041,10,-183765996899,179,D5,"o9_29376,o9_29377"
x^4 - x^3 + 3*x + 2,4,2057,24,26771334413217573135928360283521,"11,17",S4,t11971
x^4 - x^3 + x^2 - 2*x - 1,4,-1423,24,68938019258429685762721882250860633921,1423,S4,o9_33635
x^6 - x^5 + x^4 - x^3 + x^2 - x + 1,6,-16807,6,-16807,7,C6,t12408
x^6 - 13*x^2 + 20,6,-5060180,48,1154387292184950550332130070304692773246424385592388811815956898325200896000000000000000000000000,"2,5,503",C2 x S4,o9_34677
x^6 - x^5 - x^4 - x^2 - x + 1,6,399424,24,4060737717636219342428430533656576,"2,79",S4,o10_087705
x^4 - x^3 + 2*x^2 - 4*x + 4,4,2292,24,82098532499586556907611404204344672256,"2,3,191",S4,o9_14719
x^4 - x^3 - x^2 + 3*x - 1,4,-491,24,196326039436028365961428688382481,491,S4,o10_077117
x^6 - 2*x^5 + x^4 - 5*x^3 + 8*x^2 - 5*x + 10,6,-5060180,48,1154387292184950550332130070304692773246424385592388811815956898325200896000000000000000000000000,"2,5,503",C2 x S4,o10_048254
x^8 - x^6 + 3*x^4 - 2*x^2 + 1,8,16908544,48,1940147514897409920544589702826036490038404310566144741551422413058605056,"2,257",C2 x S4,o10_056388
x^3 - 2,3,-108,6,-34992,"2,3",S3,o9_25253
x^6 - 5*x^4 + 5*x^2 + 4,6,-732736,12,6146991521173504,"2,107",D6,o10_059856
x^4 - x^3 + 2*x^2 - 1,4,-731,24,23281369493976380470743875853470161,"17,43",S4,"o10_145861,o10_145862,o10_145863"
x^4 - 2*x^3 + 3*x^2 + x - 1,4,-2183,24,11712371213185344072040196687538824278561,"37,59",S4,o9_28458
x^3 - x^2 - 3,3,-255,6,-16581375,"3,5,17",S3,"o9_33141,o9_33142"
x^4 - x^3 - x^2 - 2,4,-3284,24,1573395056707358663038611419846328300077056,"2,821",S4,"o9_33827,o9_33828,o9_33829,o9_33830"
x^4 - x^3 - 2*x^2 - 3*x + 9,4,1089,4,1089,"3,11",C2 x C2,"o9_36481,o9_36482,o9_36483"
x^4 - x^3 - x + 2,4,1129,24,4288716148256918436815323334654271841,1129,S4,"o9_36651,o9_36652"
x^6 - x^5 - x^4 + 3*x^3 + 4*x^2 - 2*x - 2,6,372368,48,63179378867929298181309658996850004528272817542165413432811990163659922866176,"2,17,37",C2 x S4,"o9_36681,o9_36682,o9_36683,o9_36684"
x^4 - x^3 - x^2 - 2*x + 4,4,441,4,441,"3,7",C2 x C2,"o9_37013,o9_37014,o9_37015"
x^4 - x^3 - x^2 - x + 1,4,-507,8,2313441,"3,13",D4,o9_37601
x^6 - x^4 - 6*x^2 - 1,6,579121,24,37723838875673284825516711307250721,761,S4,o9_37643
x^3 + 3*x - 1,3,-135,6,-273375,"3,5",S3,o9_37958
x^4 - 2*x^2 - 2*x + 1,4,-1456,24,86563854512693260438642974785536,"2,7,13",S4,"o10_095923,o10_095924"
x^6 - 3*x^5 + 5*x^3 + 2*x^2 - 5*x + 1,6,390224,12,2436396322816,"2,29",D6,o9_38196
x^4 - x^3 - 2*x^2 + 7*x - 9,4,-5591,24,932983379427117104200061086868471699757571681,5591,S4,o10_103970
x^4 - x^3 + x^2 - 3*x + 1,4,-1099,24,3104361645561089292654364516759846801,"7,157",S4,"o9_40260,o9_40261,o9_40262,o9_40263"
x^4 - x^3 + x^2 - 2*x + 2,4,1016,24,1209830406509081665027557060725702656,"2,127",S4,o10_104719
x^4 - 3*x^2 - 2,4,-2312,8,342102016,"2,17",D4,o9_40444
x^4 - 5*x^2 - 4,4,-6724,8,723394816,"2,41",D4,"o10_106720,o10_106721,o10_106722,o10_106723,o10_106724,o10_106725,o10_106726,o10_106727,o10_106728,o10_106729"
x^6 - 2*x^5 + 2*x^4 - 4*x^3 + 3*x^2 + 2*x + 1,6,-83607,48,21935256382552289668923438124800827770276806066993199258816113729152481897157906881,"3,29,31",C2 x S4,o10_106770
x^4 - x^3 - 3*x^2 + 2*x + 4,4,513,8,95004009,"3,19",D4,"o9_41512,o9_41513"
x^6 - 2*x^5 + 2*x^4 - 3*x^3 + 2*x^2 - 2*x + 1,6,31213,24,774263645280065083180300081,"7,13",C2 x A4,o10_113687
x^2 - x + 3,2,-11,2,-11,11,C2,"o10_114969,o10_114970,o10_114971,o10_114972"
x^4 - x^3 - x^2 + 2*x + 2,4,1384,24,49389323944093175251931467682053881856,"2,173",S4,o9_42351
x^4 - x^3 - 2*x^2 - x + 5,4,4684,24,111532808121511572993559198388897073653088256,"2,1171",S4,o9_42621
x^4 - x^2 - 16,4,-16900,8,4569760000,"2,5,13",D4,"o9_42688,o9_42689"
x^5 - x^4 + x^3 - 2*x^2 + 3*x - 1,5,6241,10,-3077056399,79,D5,o9_43241
x^4 - x^3 + x^2 - 3*x - 2,4,-2092,24,27447335887106905360260603843858989056,"2,523",S4,o9_43439
x^3 - x^2 + 2*x + 1,3,-87,6,-658503,"3,29",S3,"o10_123085,o10_123086,o10_123087,o10_123088,o10_123089,o10_123090,o10_123091,o10_123092,o10_123093,o10_123094,o10_123095,o10_123096"
x^4 - x^3 + 2*x^2 - 3*x + 2,4,985,24,834131968340877086275570957275390625,"5,197",S4,o10_089093
x^4 - x^2 - 1,4,-400,8,2560000,"2,5",D4,"o10_127303,o10_127304,o10_127305,o10_127306,o10_127307,o10_127308,o10_127309,o10_127310,o10_127311,o10_127312,o10_127313,o10_127314,o10_127315,o10_127316,o10_127317,o10_127318,o10_127319,o10_127320,o10_127321"
x^8 - 4*x^7 + 11*x^6 - 18*x^5 + 23*x^4 - 18*x^3 + 14*x^2 - 4*x + 4,8,10969344,16,33672290266555416576,"2,3,23",C2 x D4,"o9_44092,o9_44093"
x^6 - 2*x^5 - x^4 + 4*x^3 + 3*x^2 - 6*x + 2,6,-238144,12,211027453382656,"2,61",D6,"o9_44156,o9_44157"
x^8 - 8*x^6 + 20*x^4 - 15*x^2 + 4,8,2178275584,48,40542832841624819324153303566953282407629235855543942414123206750027002283218605504084722032050176,"2,2917",C2 x S4,o10_062724
x^8 - 7*x^6 + 14*x^4 - 7*x^2 + 4,8,952586496,48,1983413456222100051648886812007254395446781511733295130789380713077673609770234182033668571136,"2,3,643",C2 x S4,o10_065568
x^6 - x^5 - 2*x^4 + 3*x^3 - 3*x + 1,6,56144,48,5295857060403389172272440163845536780734340670974400022968297288892416,"2,11,29",C2 x S4,"o10_068657,o10_068658,o10_068659"
x^6 - x^4 - 2*x^3 + 2*x + 1,6,-10816,18,-6107453226347659264,"2,13",C3 x S3,o10_144540
x^6 - x^4 - x^3 - x^2 + 1,6,52441,24,20798201815902925734870098641,229,S4,"o10_120074,o10_120075,o10_120076,o10_120077,o10_120078"
x^4 - x^3 + 5*x^2 - 2*x + 4,4,657,8,2300257521,"3,73",D4,"o10_120509,o10_120510,o10_120511,o10_120512,o10_120513"
x^3 - x^2 + x - 9,3,-516,6,-137388096,"2,3,43",S3,"o10_127036,o10_127037,o10_127038,o10_127039"
x^6 - 2*x^5 + 4*x^3 - 3*x^2 - 4*x + 5,6,-88343,48,106331850491859555774768257349547847814777464890102678445637113466199471095556217333761,"23,167",C2 x S4,"o10_129371,o10_129372,o10_129373"
x^6 - x^5 + 3*x^4 - 2*x^3 + 2*x^2 + 3*x - 3,6,1601613,36,3475226802198116057554377769989579566636047832552241,"3,13",S3 x S3,o10_131217
x^4 - 2*x^3 + 2*x^2 - x + 2,4,1421,8,1698181681,"7,29",D4,"o10_131261,o10_131262"
x^4 + x^2 - 4*x + 4,4,1040,8,4569760000,"2,5,13",D4,"o10_132687,o10_132688,o10_132689"
x^4 - x^3 + 2*x^2 + x + 1,4,225,4,225,"3,5",C2 x C2,o10_133192
x^6 - x^5 + 4*x^4 - 6*x^3 + 6*x^2 - 6*x + 4,6,-1120000,48,353404994460344188455585940560655522201600000000000000000000000000000000,"2,5,7",C2 x S4,"o10_134228,o10_134229"
x^6 + x^4 - 4*x^3 + x^2 - 2*x + 4,6,-292032,12,922417564483584,"2,3,13",D6,"o10_135518,o10_135519"
x^4 - x^3 + x^2 - 2*x + 4,4,2873,8,2385443281,"13,17",D4,"o10_136530,o10_136531,o10_136532,o10_136533,o10_136534,o10_136535,o10_136536"
x^8 - 3*x^7 + 3*x^6 + 3*x^5 - 7*x^4 + 3*x^3 + 3*x^2 - 3*x + 1,8,4626801,48,340768730249874802352471976839668787507843355888149624585688812455521,"3,239",C2 x S4,o10_138513
x^5 - x^4 + 2*x^3 - x^2 + x + 2,5,17161,10,-38579489651,131,D5,o10_145193
x^4 - x^3 - 4*x^2 - 3*x + 3,4,-9687,24,682765545049958097100686386581725733584118275681,"3,3229",S4,o10_139994
x^4 - 2*x^2 - 1,4,-1024,8,4194304,2,D4,"o10_140793,o10_140794,o10_140795"
x^4 - x^3 + x^2 + 2*x - 2,4,-2488,24,56260619790542082929987973671407379808256,"2,311",S4,"o10_141189,o10_141190,o10_141191"
x^4 - x + 2,4,2021,24,4642968766819956054830027696645588690641,"43,47",S4,o10_141689
x^6 - 2*x^5 + 2*x^4 - 4*x^3 + 2*x^2 - 4*x + 1,6,242000,36,2582048322566910402812140847104000000000000000000,"2,5,11",S3 x S3,o10_142616
x^4 - 2*x^3 + 5*x^2 - 4*x + 2,4,1088,8,342102016,"2,17",D4,"o10_143343,o10_143344,o10_143345"
x^4 - x^3 + x^2 - x + 2,4,1396,24,213985848982356353666984793263374336,"2,349",S4,"o10_143719,o10_143720"
x^4 - 2*x^3 - x^2 + 6,4,3648,8,43237380096,"2,3,19",D4,"o10_143783,o10_143784"
x^6 - x^5 + 7*x^4 - 7*x^3 + 15*x^2 - 8*x + 10,6,-2280100,48,331258194906987095044696316000505380700762448850235022114816000000000000000000000000,"2,5,151",C2 x S4,"o10_143848,o10_143849"
x^6 + x^4 + 5*x^2 + 1,6,-173056,48,2955288494551993780509767928735749197546840512122487383339466489856,"2,13",C2 x S4,"o10_145053,o10_145054,o10_145055,o10_145056,o10_145057,o10_145058"
x^6 + x^4 - 2*x^3 + x^2 - x + 2,6,-149683,48,5054651446477067579395107543680656450338408029152411015761757030925793334712928961,"43,59",C2 x S4,"o10_145736,o10_145737"
x^6 - x^5 + 2*x^4 + 2*x^3 + 4*x^2 - 4*x + 8,6,-1845616,48,1230372127406075800839429166123104114916674321442598195523691023115219304359469138767475900416,"2,31,61",C2 x S4,"o10_146244,o10_146245,o10_146246,o10_146247,o10_146248,o10_146249"
x^6 - 3*x^5 + 3*x^4 - x^3 - x^2 + x + 1,6,-41791,48,1676942823880192385304947786177581515021724777615435464611218169539828810278721,"23,79",C2 x S4,"o10_146657,o10_146658"
x^4 - 2*x^3 - 2*x^2 + 3*x + 3,4,549,8,1121513121,"3,61",D4,o10_146953
x^4 - x^3 - 2*x - 1,4,-1107,24,516180284661002873353232537597841,"3,41",S4,"o10_146986,o10_146987,o10_146988,o10_146989,o10_146990,o10_146991"
x^2 - x + 4,2,-15,2,-15,"3,5",C2,"o10_148150,o10_148151,o10_148152,o10_148153,o10_148154,o10_148155"
x^6 - x^5 + x^4 - 6*x^3 + 2*x^2 - 4*x + 8,6,1468348,48,23326217907230585844111089765899130339325715624357766571020210328199281500195899479043342336,"2,7,229",C2 x S4,o10_148826
x^6 + 8*x^4 + 8*x^2 - 1,6,8508889,24,379522169067582504938019887545699724798161,2917,S4,o10_149137
x^6 + 4*x^4 - x^2 + 4,6,-743044,48,475219524832050078154930232794648023685455863005351743165221951520619915902976,"2,431",C2 x S4,o10_149200
x^8 - 3*x^7 + 6*x^6 - 9*x^5 + 9*x^4 - 7*x^3 + 4*x^2 - x + 1,8,1890625,16,52333711181640625,"5,11",(C4 x C2) : C2,"o10_150095,o10_150096,o10_150097"
x^4 + 1,4,256,4,256,2,C2 x C2,"o10_150141,o10_150142,o10_150143"
x^4 - x^3 - 2*x^2 - 3*x + 1,4,-1879,24,1936963162036740693550871209213439007841,1879,S4,o10_150386
